protocol,comparator,metric,difference,ci95_lo,ci95_hi,tasks,components
stratified,Query-Pair-strict,recall,0.05386067470466448,0.023596925183116724,0.08514874506889807,391,366
stratified,Query-Pair-strict,ndcg,0.04026092207043056,0.019334743999686575,0.06197834191549035,391,366
stratified,Query-Fuse-strict,recall,0.06153330897576422,0.03230019622505254,0.09221697845092702,391,366
stratified,Query-Fuse-strict,ndcg,0.049313326786202955,0.02825698234347049,0.07176941430401007,391,366
stratified,CE-Calibrated-Broad,recall,0.03020338570210693,0.006381824637071323,0.05456865509982092,391,366
stratified,CE-Calibrated-Broad,ndcg,0.031282933519218105,0.011830352465182938,0.05126351417691183,391,366
stratified,SCAR-Fuse,recall,0.013213981244671782,-0.005128205128205128,0.03248971518987341,391,366
stratified,SCAR-Fuse,ndcg,0.011892808965131155,0.0008005015171303778,0.02354730292835326,391,366
unseen_tool,Query-Pair-strict,recall,0.053069053708439895,0.02377892030848329,0.08354598703176361,391,366
unseen_tool,Query-Pair-strict,ndcg,0.04321991326515121,0.02251824225903609,0.06531072218521457,391,366
unseen_tool,Query-Fuse-strict,recall,0.05946291560102302,0.028854435831180015,0.09022394487510765,391,366
unseen_tool,Query-Fuse-strict,ndcg,0.05382797848991064,0.03237982707844849,0.07610158624775264,391,366
unseen_tool,CE-Calibrated-Broad,recall,0.023017902813299233,-0.001700680272108842,0.04834605597964377,391,366
unseen_tool,CE-Calibrated-Broad,ndcg,0.030503684598258963,0.011608071734036737,0.04983987448745654,391,366
unseen_tool,SCAR-Fuse,recall,0.005175983436853002,-0.01367567234147545,0.02393461552241687,391,366
unseen_tool,SCAR-Fuse,ndcg,0.011102298062813562,-0.0005477207294062178,0.023327282429756475,391,366
shared_source,Query-Pair-strict,recall,0.05386067470466448,0.023688252118846728,0.08385235941921988,391,366
shared_source,Query-Pair-strict,ndcg,0.03800395399451549,0.01689251346368765,0.05933382085286274,391,366
shared_source,Query-Fuse-strict,recall,0.05641821946169773,0.027068955938456842,0.08715986394557824,391,366
shared_source,Query-Fuse-strict,ndcg,0.04336174152259679,0.02196572167773567,0.06592069430089433,391,366
shared_source,CE-Calibrated-Broad,recall,0.019973206673973936,-0.0026319010894846374,0.043385248690367445,391,366
shared_source,CE-Calibrated-Broad,ndcg,0.025338591257939934,0.006736132992739893,0.044573095653753204,391,366
shared_source,SCAR-Fuse,recall,0.005967604433077577,-0.013889767932489451,0.026770293609671845,391,366
shared_source,SCAR-Fuse,ndcg,0.0054736628093298755,-0.006483257502578189,0.017959688321686366,391,366
leave_source_out,Query-Pair-strict,recall,0.016536118363794605,-0.0161020110817966,0.04943132108486439,383,359
leave_source_out,Query-Pair-strict,ndcg,0.01808724932376841,-0.006502857160334087,0.04271495049585174,383,359
leave_source_out,Query-Fuse-strict,recall,0.03938207136640557,0.005176922261754988,0.07422109911941577,383,359
leave_source_out,Query-Fuse-strict,ndcg,0.02773645920205433,0.0022584273255936605,0.05321511233074418,383,359
leave_source_out,CE-Calibrated-Broad,recall,-0.012184508268059181,-0.04288240495137046,0.01919720767888307,383,359
leave_source_out,CE-Calibrated-Broad,ndcg,0.005386483122322866,-0.014242788513111102,0.02588417357014737,383,359
leave_source_out,SCAR-Fuse,recall,0.008485639686684074,-0.008620689655172414,0.027045279900987398,383,359
leave_source_out,SCAR-Fuse,ndcg,0.008181225670994018,-0.004278819173832227,0.020901170810580624,383,359
