method,k,recall,ndcg
Query-Fuse-strict,1,0.21973572037510655,0.23273657289002558
Query-Fuse-strict,3,0.33248081841432225,0.29250280503101184
Query-Fuse-strict,5,0.3881074168797954,0.31569763250846633
Query-Fuse-strict,10,0.48827791986359764,0.34906453222877837
CE-Calibrated-Broad,1,0.22527706734867858,0.24040920716112532
CE-Calibrated-Broad,3,0.3491048593350384,0.30418064718867244
CE-Calibrated-Broad,5,0.4194373401534527,0.3337280257754512
CE-Calibrated-Broad,10,0.49765558397271953,0.3593135166582111
SCAR-Fuse,1,0.2338022165387894,0.2557544757033248
SCAR-Fuse,3,0.38235294117647056,0.33026671233648525
SCAR-Fuse,5,0.4364267446108878,0.35311815032953814
SCAR-Fuse,10,0.5248751674582877,0.38264309622104753
SCAR-Pair,1,0.25042625745950553,0.27365728900255754
SCAR-Pair,3,0.38064791133844844,0.3362133150054938
SCAR-Pair,5,0.4496407258555596,0.3650109592946693
SCAR-Pair,10,0.5287114845938375,0.3916781202761415
